772471,GrammarGirl,Mignon Fogarty,False,241495,1,0,/book/author,Author,Writing,General
5577902,RickWarren,Rick Warren,True,1363820,5,1,/m/01fhsb,Pastor,Religious,General
14709355,thepioneerwoman,Ree Drummond ,True,467323,4,0,/book/author,Author,Writing,General
14784550,Publix,Publix,True,76943,1,1,/m/01jpn4,Grocery Stores Business,Business,General
20065936,mental_floss,Mental Floss,True,393482,1,1,/book/magazine,Magazine,Writing,General
25837899,TripLee,Trip Lee,True,196690,2,1,/m/01flzb,Christian hip hop Artist,Music,General
27951956,jonforeman,Jon Foreman,True,140641,3,1,/m/016clz,Alternative Artist,Music,Old
53297035,IMKristenBell,Kristen Bell ,True,1456815,3,0,/m/02hrh1q,Actor,Acting,General
60818204,CoIlegefessions,College Confessions,False,357759,1,1,/m/01jk9n,Adult Film,Acting,Young
73402979,CSLewisDaily,C. S. Lewis,False,1039524,5,1,/m/02xhgwq,Novelist,Writing,General
87586376,gungormusic,Gungor,True,62431,3,1,/m/016clz,Alternative Artist,Music,Old
156012476,BethMooreLPM,Beth Moore,True,483600,5,0,/m/02lnbg,Dance-pop Artist,Music,General
257834640,maebirdwing,mae margaret whitman,True,149976,2,0,/m/02hrh1q,Actor,Acting,General
292131326,bosshogswife,Korie Robertson,True,1265529,4,1,/m/012t_z,Businessperson,Business,General
338727056,MrTonyHale,Tony Hale,True,81684,4,1,/m/02hrh1q,Actor,Acting,General
500042487,SteveCarell,Steve Carell,True,3089630,5,1,/m/018gz8,Comedian,Entertainment,General
