813286,BarackObama,Barack Obama,True,42608127,5,1,/government/us_president,US President,Politics,General
1183041,wilw,Wil Wheaton,True,2571965,4,1,/m/02hrh1q,Actor,Acting,General
2367911,MTV,MTV,True,10711821,1,1,/tv/tv_network,TV Network,Entertainment,General
14287830,fusetv,Fuse TV,True,140720,1,1,/tv/tv_network,TV Network,Entertainment,General
14622632,robdyrdek,Rob Dyrdek,True,3321539,3,1,/m/0235lp9,Skateboarder,Sports,General
14729674,Mista_Montana,Conspiracy Radio,False,132189,5,1,/m/08z956,Radio personality,Entertainment,General
15666380,nerdist,Chris Hardwick,True,2250287,4,1,/m/018gz8,Comedian,Entertainment,General
16157577,GhostfaceKillah,Ghostface Killah,True,565465,4,1,/m/0glt670,Hip hop Artist,Music,Young
16560657,BET,BET,True,1391715,1,1,/tv/tv_network,TV Network,Entertainment,General
16812787,DwightHoward,Dwight Howard,True,5010477,2,1,/m/02_ssl,Basketball Center,Sports,General
17638367,ilovetmills,Travis Mills,True,275989,4,2,/m/0glt670,Hip hop Artist,Music,Young
17692330,mackmaine,Mack Maine,True,857156,3,1,/m/06j6l,Rhythm and blues Artist,Music,General
17878322,cthagod,Charlamagne Tha God,True,766076,3,1,/people/person,Person,Misc,General
17915334,BigSean,Big Sean,True,5425514,2,1,/celebrities/celebrity,Celebrity,Entertainment,General
17929027,Wale,Wale Folarin ,True,3595352,2,1,/m/0glt670,Hip hop Artist,Music,Young
18222378,50cent,50cent,True,7403294,3,1,/m/036jv,Gangsta rap Artist,Music,General
18676369,JoeBudden,Joe Budden,True,844503,3,1,/m/0glt670,Hip hop Artist,Music,Young
18783665,McIlroyRory,Rory Mcilroy,True,1876449,1,1,/celebrities/celebrity,Celebrity,Entertainment,General
19015339,AEO,American Eagle,True,294287,1,1,/aviation/airline,Airline,Misc,General
19058681,aplusk,ashton kutcher,True,15972427,1,1,/m/02hrh1q,Actor,Acting,General
19330043,llcoolj,LL COOL J,True,4354275,4,1,/m/01flzq,Hardcore hip hop Artist,Music,Young
19571299,NickCannon,Nick Cannon,True,4756107,3,1,/m/06j6l,Rhythm and blues Artist,Music,General
19743731,AlfredoFlores,Alfredo Flores,True,2544929,5,1,/internet/blogger,Blogger,Writing,General
19758510,Bubblelistic,Roshanda,False,430864,2,0,/music/recording,Musical Recording,Music,General
20120877,JASMINEVILLEGAS,JASMINE V,True,1672731,1,2,/m/064t9,Pop Artist,Music,General
21278412,myfabolouslife,Fabolous,True,2757934,3,1,/m/0glt670,Hip hop Artist,Music,Young
21622407,dankanter,Dan Kanter,True,1356306,3,1,/m/0nbcg,Songwriter,Music,General
22548403,TomFelton,Tom Felton,True,1869957,2,1,/m/02hrh1q,Actor,Acting,General
22677790,Jon_Favreau,Jon Favreau,True,1695392,4,1,/m/02hrh1q,Actor,Acting,General
22940219,Eminem,Marshall Mathers,True,17715917,4,1,/music/music_video_performer,Music video performer,Music,General
22957635,IAMJREAL,J-REAL,False,152067,1,0,/m/05zppz,Man,Misc,General
23976386,davidguetta,David Guetta,True,14580756,4,1,/m/02lnbg,Dance-pop Artist,Music,General
24275419,therealjuicyj,juicy j,True,1647101,3,1,/m/016_v3,Southern rap Artist,Music,General
24472704,Kid_Ink,Kid Ink,True,556264,2,1,/m/0nbcg,Songwriter,Music,General
24677953,TeddyRiley1,EDWARD TEDDY RILEY,False,39550,4,1,/m/021_z5,New jack swing Artist,Music,General
24859104,JoJoistheway,JoJo,True,698101,1,1,/m/06j6l,Rhythm and blues Artist,Music,General
24966423,TreySongz,Trey Songz,True,7314628,2,1,/m/0glt670,Hip hop Artist,Music,Young
25082055,AdorStyle,Ador,False,570663,1,1,/location/citytown,City/Town/Village,Misc,General
26565946,jtimberlake,Justin Timberlake ,True,31843831,3,1,/m/02lnbg,Dance-pop Artist,Music,General
26755061,KirkoBangz,Kirko Bangz,True,615954,2,1,/m/0glt670,Hip hop Artist,Music,Young
27001746,chineylee,Martin Lei,False,115333,1,1,/m/02h8nsc,V: Protected Landscape/Seascape,Misc,General
27260086,justinbieber,Justin Bieber,True,51073412,1,1,/m/02ny8t,Teen pop Artist,Music,Young
27431825,LivingLegendO_o,(( Trey Hendrix )),False,311093,4,1,/m/06by7,Rock Album,Music,General
27725199,RitaOra,Rita Ora,True,3570988,2,0,/m/02lnbg,Dance-pop Artist,Music,General
27782557,MurdaMookez,Mook. ,True,53967,3,1,/internet/website_category,Website Category,Writing,General
28109359,WendyWilliams,Wendy Williams,True,1155939,4,0,/m/08z956,Radio personality,Entertainment,General
28165335,LupeFiasco,Tetsuo & Youth,False,1266370,3,1,/m/012yc,Alternative hip hop Artist,Music,Young
28897926,ciara,Ciara ,True,5600184,2,0,/m/02h6p92,Dancer,Entertainment,General
29655522,Mstiffevans,Tiffany Evans,True,121403,1,0,/m/06j6l,Rhythm and blues Artist,Music,General
30782495,KELLYROWLAND,KELENDRIA ROWLAND,True,6002366,3,0,/m/02lnbg,Dance-pop Artist,Music,General
31652181,1Omarion,OMARION,True,974093,2,1,/m/06j6l,Rhythm and blues Artist,Music,General
33549858,VH1,VH1,True,1043934,1,1,/tv/tv_network,TV Network,Entertainment,General
35787166,NICKIMINAJ,Nicki Minaj,True,17607632,3,0,/m/02lnbg,Dance-pop Artist,Music,General
37868827,DJWhooKid,DJ Whoo Kid,True,258449,4,1,/m/0glt670,Hip hop Artist,Music,Young
38323841,bobsaget,bob saget,True,2099225,5,1,/m/018gz8,Comedian,Entertainment,General
40551059,therealkimj,kim j,False,74524,1,1,/m/03_8r,Olympic Judo Athlete,Sports,General
40908929,Usher,Usher Raymond IV,True,9305947,3,1,/m/02lnbg,Dance-pop Artist,Music,General
41543737,DearGirlReading,Carde,False,319044,1,2,/location/citytown,City/Town/Village,Misc,General
43214455,MonicaBrown,Monica ,True,2010200,1,0,/location/citytown,City/Town/Village,Misc,General
43658360,DeMar_DeRozan,DeMar DeRozan,True,293571,2,1,/m/03558l,Basketball Shooting guard,Sports,General
45453237,MichaelBlackson,Michael Blackson,True,708256,3,1,/m/018gz8,Comedian,Entertainment,General
52267310,youngsirdmv,YOUNG SIR ,False,20349,5,1,/government/politician,Politician,Politics,General
54360288,TimothyCromer,TIMOTHY,False,759717,1,1,/book/book,Book,Writing,General
57097104,McConaughey,Matthew McConaughey,True,835949,4,1,/m/02hrh1q,Actor,Acting,General
59641100,ChrisBrownSpot,Chris Brown,False,117043,2,1,/m/02lnbg,Dance-pop Artist,Music,General
67485776,RoyalMobJonRock,Jon Rock,False,78880,5,1,/broadcast/radio_format,Radio format,Entertainment,General
79293791,rihanna,Rihanna,True,34907064,2,0,/m/0kpv1m,Musical Artist,Music,General
82721258,ATJogia,Avan Tudor Jogia,True,1450839,1,1,/m/02hrh1q,Actor,Acting,General
84358766,TherealTaraji,Taraji P. Henson,True,2601467,4,0,/m/02hrh1q,Actor,Acting,General
86145874,istanforCBE,Chris Brown Fans,False,27530,2,1,/broadcast/content,Broadcast Content,Entertainment,General
86606717,VIR_TUOSO,VIRTUOSO,False,101792,1,1,/people/profession,Profession,Social,General
90246174,diggy_simmons,Diggy ,True,1664688,1,1,/m/012yc,Alternative hip hop Artist,Music,Young
94360081,DJPaulyD,DJ Pauly D,True,4374806,3,1,/m/02hrh1q,Actor,Acting,General
95707952,missarethahenry,Aretha Henry ,False,76386,3,0,/m/064t9,Pop Artist,Music,General
100220864,BrunoMars,Bruno Mars,True,18209948,2,1,/m/0155w,Blues Artist,Music,General
108090221,blacchyna_mia,  Blac Chyna ,False,421677,2,1,/celebrities/celebrity,Celebrity,Entertainment,General
119509520,chrisbrown,Chris Brown ,True,13437154,2,1,/m/02lnbg,Dance-pop Artist,Music,General
124914275,TheCharlieB,Charlie B,False,397589,1,1,/m/02hrh1q,Actor,Acting,General
125481462,RealRonHoward,Ron Howard,True,832704,5,1,/film/director,Film director,Acting,General
145499533,MissyElliott,Missy Elliott,True,2255481,4,0,/m/05lwjc,Hip hop soul Artist,Music,Young
151058150,QueenHoneyC,Honey Cocaine ,True,503672,1,0,/m/0glt670,Hip hop Artist,Music,Young
156751240,mombreezy,Joyce Hawkins,False,85320,2,1,/m/02zsn,Woman,Misc,General
157143500,TrillBaIN,God Shammgod ,False,76901,3,1,/basketball/basketball_player,Basketball Player,Sports,General
163206454,HotaHotaRam,Hota Hota,False,101502,1,1,/m/02vx4,Professional Association Football Player,Sports,General
169686021,kanyewest,KANYE WEST,True,10407889,3,1,/m/06j6l,Rhythm and blues Artist,Music,General
176566242,zaynmalik,zaynmalik1D,True,12357633,1,1,/internet/blog,Blog,Writing,General
185487499,2chainz,Tity Boi (2 Chainz),True,2574687,3,1,/m/016_v3,Southern rap Artist,Music,General
186324454,ajRAFAEL,aj rafael,True,156873,2,1,/m/064t9,Pop Artist,Music,General
191358949,JohnCMaxwell,John C Maxwell,True,982177,4,1,/m/01fhsb,Pastor,Religious,General
192304497,NickSwisher,Nick Swisher,True,1701427,3,1,/m/02s7tr,Baseball First baseman,Sports,General
193318094,Montberte,Steve Cushing,False,104428,3,1,/book/author,Author,Writing,General
200916014,AgreeSoTrue,true.,False,256049,1,2,/m/0gqpx,Biological Order,Science,General
201407468,Informed1D,One Direction News,False,44785,1,1,/music/composition,Composition,Music,General
202905145,MarleysAngels,Marley,False,160255,5,1,/music/artist,Musical Artist,Music,General
207923746,Timbaland,Timbaland,True,1279502,4,1,/m/05lwjc,Hip hop soul Artist,Music,Young
211795689,iamjustingreene,Justin Greene,False,213337,2,1,/basketball/basketball_player,Basketball Player,Sports,General
256635103,TreatUrManRight,Jackie B.,False,55668,1,2,/music/artist,Musical Artist,Music,General
268414482,MileyCyrus,Miley Ray Cyrus,True,17902524,1,0,/m/02lnbg,Dance-pop Artist,Music,General
275415306,MarilynMonroeDC,Marilyn Monroe,False,865952,5,0,/m/02hrh1q,Actor,Acting,General
288141449,ScandalABC,Scandal,True,499814,1,1,/time/event,Event,Misc,General
300484553,AutographTheSky,Andy Bishop,False,120476,3,1,/m/02vx4,Professional Association Football Player,Sports,General
338084918,Pharrell,Pharrell Williams,True,3350999,4,1,/m/06j6l,Rhythm and blues Artist,Music,General
359332435,MarilynSaying,Marilyn Monroe,False,380560,5,0,/m/02hrh1q,Actor,Acting,General
397704847,111_healthy,Organic Living ,False,170524,5,1,/media_common/quotation_subject,Quotation Subject,Writing,General
399659545,jolafromAtlanta,Jola!,False,52794,1,2,/people/ethnicity,Ethnicity,Misc,General
407977463,jasonsegel,Jason Segel,True,2535149,3,1,/m/02hrh1q,Actor,Acting,General
449529849,zaynamaIik,zaynmalik1D,False,15625,1,1,/internet/blog,Blog,Writing,General
452208405,JasonAstir,Jason,False,109888,1,1,/film/film_character,Film character,Acting,General
594066386,WhoKR,KR,True,49203,1,2,/finance/currency,Currency,Misc,General
