6427882,channingtatum,Channing Tatum,True,5938129,3,1,/m/02hrh1q,Actor,Acting,General
19028953,JColeNC,J. Cole,True,5119295,2,1,/m/06j6l,Rhythm and blues Artist,Music,General
20291704,Huntermoore,Hunter Moore,False,551958,2,1,/m/09x_r,Entrepreneur,Business,General
20567939,MeekMill,Meek Mill,True,3326237,2,1,/m/0glt670,Hip hop Artist,Music,Young
23561980,kendricklamar,Kendrick Lamar,True,3546381,2,1,/m/0glt670,Hip hop Artist,Music,Young
25521487,danieltosh,daniel tosh,True,9356937,3,1,/m/018gz8,Comedian,Entertainment,General
28153561,davidortiz,David Ortiz,True,652259,3,1,/m/02s7tr,Baseball First baseman,Sports,General
46167275,DaviMillsaps,Davi Millsaps,False,77656,1,1,/sports/sports_league_season,Sports League Season,Sports,General
163685624,TerrellePryor,Terrelle Pryor,True,131121,2,1,/m/06b1q,American Football Quarterback,Sports,General
165552004,NevSchulman,Nev Schulman,True,603288,2,1,/m/03gjzk,TV Producer,Acting,General
170759111,L_Bell26,LeVeon Bell,True,84779,1,1,/american_football/football_player,American football player,Sports,General
219703427,JLester31,Jon Lester,True,238313,3,1,/m/01z9v6,Baseball Pitcher,Sports,General
254433349,Rene,Rene,True,899472,1,1,/m/02h6fbs,Philosopher,Writing,General
288651112,MikeCarp37,Mike Carp,True,23908,2,1,/m/02s7tr,Baseball First baseman,Sports,General
329514189,NickGoepper,Nick Goepper,True,70361,1,1,/olympics/olympic_athlete,Olympic athlete,Sports,General
334232372,middlebrooks,Will Middlebrooks,True,161003,2,1,/baseball/baseball_player,Baseball Player,Sports,General
381090926,ShaneVictorino,Shane Victorino,True,288493,3,1,/baseball/baseball_player,Baseball Player,Sports,General
396762175,mishacollins,Misha Collins,True,1425041,3,1,/business/board_member,Organization leader,Business,General
470937613,WolfpackAlan,Alan Garner,False,980333,5,1,/m/02xhgwq,Novelist,Writing,General
733950307,OhHeWantsTheP,The P,False,363304,1,1,/m/02x8m,Funk Artist,Music,General
952980002,Southern_Trad,Southern Traditions!,False,18943,5,1,/tv/tv_series_episode,TV Episode,Acting,General
