618593,darthvader,Darth Vader,False,421378,1,1,/film/film_character,Film character,Acting,General
5577902,RickWarren,Rick Warren,True,1363820,5,1,/m/01fhsb,Pastor,Religious,General
6211972,SaraBareilles,Sara Bareilles,True,2995972,3,0,/m/08_yl1,Adult album alternative Artist,Music,General
6539592,JimGaffigan,Jim Gaffigan,True,2003414,4,1,/m/018gz8,Comedian,Entertainment,General
8453452,GuyKawasaki,Guy Kawasaki,True,1399570,5,1,/business/board_member,Organization leader,Business,General
9639212,cameronstrang,Cameron Strang,True,23507,1,1,/music/producer,Record Producer,Music,General
9695312,billboard,Billboard,True,1650934,1,2,/book/magazine,Magazine,Writing,General
9856232,cdlowell,Charlie Lowell,True,8567,4,1,/m/016clz,Alternative Artist,Music,Old
12480582,adage,Ad Age,True,574586,1,2,/book/magazine,Magazine,Writing,General
14327149,RiversCuomo,Rivers Cuomo,True,990782,4,1,/m/016clz,Alternative Artist,Music,Old
14353392,Bourdain,Anthony Bourdain,True,1739762,5,1,/m/02xhvyb,TV chef,Acting,General
14433891,jeremycamp,Jeremy Camp,True,351782,3,1,/m/0145rs,Contemporary Christian Artist,Music,General
14790817,KeithUrban,Keith Urban,True,1866133,4,1,/m/01lyv,Country Artist,Music,General
14934063,brian_mansfield,brian_mansfield,False,34148,1,1,/m/0d8qb,Journalist,Entertainment,General
15099384,TWLOHA,TWLOHA ,True,272367,1,0,/award/award_winning_work,Award-Winning Work,Entertainment,General
15485441,jimmyfallon,jimmy fallon,True,12433533,3,1,/m/018gz8,Comedian,Entertainment,General
15890094,desiringGod,Desiring God,True,243868,5,1,/m/01fhsb,Pastor,Religious,General
16065736,pdnonline,Photo District News,True,132558,1,1,/book/magazine,Magazine,Writing,General
16136397,mikkyekko,Mikky Ekko,True,36985,2,1,/m/016clz,Alternative Artist,Music,Old
16186949,butchwalker,butchwalker,True,623807,4,1,/m/016clz,Alternative Artist,Music,Old
16801904,shaun_white,Shaun White,True,1408045,2,1,/m/05mpqdh,Snowboarder,Sports,General
17194296,onambiguity,Ming,False,705226,5,1,/royalty/royal_line,Royal line,Politics,General
17825445,ThisIsSethsBlog,Seth Godin,True,367854,5,1,/m/09x_r,Entrepreneur,Business,General
17919972,taylorswift13,Taylor Swift,True,40343244,2,0,/m/02lnbg,Dance-pop Artist,Music,General
18948541,SethMacFarlane,Seth MacFarlane,True,5446979,4,1,/m/018gz8,Comedian,Entertainment,General
19621110,good,GOOD ,True,914875,1,1,/media_common/quotation_subject,Quotation Subject,Writing,General
21433995,bastilledan,BASTILLE,True,479731,1,1,/military/military_conflict,Military Conflict,Security,General
21879024,tonyhawk,Tony Hawk,True,3617739,4,1,/m/0235lp9,Skateboarder,Sports,General
22904192,brookefraser,Brooke Fraser,True,177264,3,0,/m/016clz,Alternative Artist,Music,Old
24429991,AtlanticRecords,Atlantic Records,True,299495,1,1,/music/record_label,Record label,Music,General
26642006,Alyssa_Milano,Alyssa Milano,True,2679238,4,0,/m/02hrh1q,Actor,Acting,General
27951956,jonforeman,Jon Foreman,True,140641,3,1,/m/016clz,Alternative Artist,Music,Old
28165335,LupeFiasco,Tetsuo & Youth,False,1266370,3,1,/m/012yc,Alternative hip hop Artist,Music,Young
30205586,Adweek,Adweek,True,242459,3,2,/m/078fhr,Trade journal Magazine,Business,General
30464067,JordansBlog,Jordan Pruitt,True,130248,1,0,/m/06j6l,Rhythm and blues Artist,Music,General
39348813,itsbrittnicole,Britt Nicole,True,161762,2,0,/m/0145rs,Contemporary Christian Artist,Music,General
42343110,BenFolds,benjamin folds,True,806730,4,1,/m/016clz,Alternative Artist,Music,Old
52551600,JimCarrey,Jim Carrey,True,12313676,5,1,/m/02hrh1q,Actor,Acting,General
54089814,officialMegann,Megan Mace,True,165215,1,0,/music/group_member,Musician,Music,General
54211178,officialLizz,Liz Mace,True,148270,1,0,/m/064t9,Pop Artist,Music,General
65477401,damnitstrue,true!,False,3135555,1,2,/m/0gqpx,Biological Order,Science,General
73402979,CSLewisDaily,C. S. Lewis,False,1039524,5,1,/m/02xhgwq,Novelist,Writing,General
91285471,vincentlaforet,Vincent Laforet,True,80502,3,1,/m/0dgd_,Cinematographer,Acting,General
115485051,ConanOBrien,Conan O'Brien,True,10557111,5,1,/m/02xhr2s,Talk show host,Entertainment,General
142157505,batemanjason,Jason Bateman,True,1356026,4,1,/m/02hrh1q,Actor,Acting,General
338727056,MrTonyHale,Tony Hale,True,81684,4,1,/m/02hrh1q,Actor,Acting,General
462156189,coltondixon,Colton Dixon,True,371270,1,1,/m/0145rs,Contemporary Christian Artist,Music,General
483192121,TheWookieeRoars,Peter Mayhew,True,137213,5,1,/m/02hrh1q,Actor,Acting,General
500042487,SteveCarell,Steve Carell,True,3089630,5,1,/m/018gz8,Comedian,Entertainment,General
574802120,Nashville_ABC,Nashville,True,182015,1,1,/location/citytown,City/Town/Village,Misc,General
